Workbook

Sheet ضمان
A1: XYZ | F1: 43-61-0000
A3: الرقم | B3: الاسم | C3: نهاية خدمة | D3: مرض وامومة | E3: تعويضات عائلية | F3: التوقيع
A4: 1 | B4: QWE | C4: 28000000 | D4: =C4 -> 28000000 | E4: 18000000
A5: 2 | B5: ABC | C5: 28000000 | D5: =C5 -> 28000000 | E5: 18000000
A6: 3 | B6: MNP | C6: 28000000 | D6: =C6 -> 28000000 | E6: 18000000
A7: 4 | B7: KLJ | C7: 28000000 | D7: =C7 -> 28000000 | E7: 18000000
A8: المجموع | C8: =SUM(C4:C7) -> 112000000 | D8: =SUM(D4:D7) -> 112000000 | E8: =SUM(E4:E7) -> 72000000
A10: الرقم | B10: الاسم | C10: نهاية خدمة | D10: مرض وامومة | E10: تعويضات عائلية
A11: 1 | B11: QWE | C11: 84000000 | D11: =C11 -> 84000000 | E11: 74000000
A12: 2 | B12: ABC | C12: 84000000 | D12: =C12 -> 84000000 | E12: 74000000
A13: 3 | B13: MNP | C13: 84000000 | D13: =C13 -> 84000000 | E13: 74000000
A14: 4 | B14: KLJ | C14: 84000000 | D14: =C14 -> 84000000 | E14: 74000000
A15: المجموع | C15: =SUM(C11:C14) -> 336000000 | D15: =SUM(D11:D14) -> 336000000 | E15: =SUM(E11:E14) -> 296000000
A17: الرقم | B17: الاسم | C17: نهاية خدمة | D17: مرض وامومة | E17: تعويضات عائلية
A18: 1 | B18: QWE | C18: 74000000 | D18: =C18 -> 74000000 | E18: 84000000
A19: 2 | B19: ABC | C19: 74000000 | D19: =C19 -> 74000000 | E19: 84000000
A20: 3 | B20: MNP | C20: 74000000 | D20: =C20 -> 74000000 | E20: 84000000
A21: 4 | B21: KLJ | C21: 74000000 | D21: =C21 -> 74000000 | E21: 84000000
A22: المجموع | C22: =SUM(C18:C21) -> 296000000 | D22: =SUM(D18:D21) -> 296000000 | E22: =SUM(E18:E21) -> 336000000
A24: الرقم | B24: الاسم | C24: نهاية خدمة | D24: مرض وامومة | E24: تعويضات عائلية | F24: التعويض العائلي
A25: 1 | B25: QWE | C25: 84000000 | D25: =C25 -> 84000000 | E25: 84000000 | F25: 0
A26: 2 | B26: ABC | C26: 84000000 | D26: =C26 -> 84000000 | E26: 84000000 | F26: 11520000
A27: 3 | B27: MNP | C27: 84000000 | D27: =C27 -> 84000000 | E27: 84000000 | F27: 7560000
A28: 4 | B28: KLJ | C28: 84000000 | D28: =C28 -> 84000000 | E28: 84000000 | F28: 7560000
A29: المجموع | C29: =SUM(C25:C28) -> 336000000 | D29: =SUM(D25:D28) -> 336000000 | E29: =SUM(E25:E28) -> 336000000 | F29: =SUM(F25:F28) -> 26640000

Sheet 21
H1: 21-2026 | K1: جدول الاشتراكات المستحقة عن شهر | O1: الصندوق الوطني
H2: المتوجب تسديدها خلال مهلة خمسة عشر يوما اعتبارا | O2: للضمان الاجتماعي
I3: من نهاية شهر الاستحقاق أو من تاريخ الاستلام | O3: بيروت - لبنان
A4: حقل مخصص للصندوق | N4: حقل مخصص لاصحاب العمل
A5: ملاحظات | G5: المدة | H5: طريقة دفع الاشتراكات
N6: =ضمان!A1 -> XYZ | P6: اسم المؤسسة
G7: فترة سنة | N7: =ضمان!F1 -> 43-61-0000 | P7: رقم المؤسسة
D8: زيارات التاخير | K8: الاشتركات | N8: الاشتراكات المستحقة | O8: المعدل | P8: الاجور ولواحقها | Q8: عدد الاجراء | R8: فرع
A9: النوع | B9: الفئة | C9: المرجع | D9: الرمز | E9: ط ل | F9: المدفوع | H9: المتوجب | K9: الرمز | M9: المدفوع
A10: 3凵0凵1凵0凵 | D10: 凵凵凵 | H10: الاشتراكاتX 凵凵凵凵凵 عدد الايام X 1/1000 | K10: 凵0凵1凵 凵1凵1凵 | N10: =P10*O10 -> 12320000 | O10: 0.11 | P10: =ضمان!D8 -> 112000000 | Q10: 4 | R10: المرض و الامومة | T10: ز
A11: 凵1凵0凵1凵0凵 | D11: 凵凵凵 | H11: الاشتراكاتX 凵凵凵凵凵 عدد الايام X 1/1000 | K11: 凵0凵1凵 凵1凵1凵 | N11: =P11*O11 -> 9520000 | O11: 0.085 | P11: =ضمان!C8 -> 112000000 | Q11: 4 | R11: تعويض نهاية الخدمة
A12: 凵2凵0凵1凵0凵 | D12: 凵凵凵 凵凵凵 凵凵凵 | H12: الاشتراكاتX 凵凵凵凵凵 عدد الايام X 1/1000 | K12: 凵0凵1凵 凵1凵1凵 | N12: =P12*O12 -> 4320000 | O12: 0.06 | P12: =ضمان!E8 -> 72000000 | Q12: 4 | R12: التعويضات العائلية
N13: =SUM(N10:N12) -> 26160000 | O13: مجموع الاشتراكات المستحقة
N14: =ضمان!#REF! -> #REF! | O14: التعويضات العائلية المدفوعة
N15: =N13-N14 -> #REF! | O15: الزيادة المتوجبة على الصندوق / الباقي المتوجب للصندوق
G16: مجموع المبالغ المدفوعة | K16: ختم المؤسسة | N16: ان رب العمل الموقع أدناه يشهد على مسؤوليته أن الأجور وكافة المعلومات
G17: المصفي | N17: المصرح بها أعلاه هي مطابقة للحقيقة والواقع
G18: المراقب | N18: =DATE(2026,9,13) -> 46278 | P18: صور في
G19: المحاسب | N19: توقيع رب العمل
A21: ملاحظة هامة : يتوجب اعادة هذا الجدول مع جدول التعويضات العائلية المرفق تحت طائلة عدم الاخذ بقيمة التعويضات العائلية المدفوعة من قبلكم .
A22: CNSS 190A

Sheet 22
H1: 22-2026 | K1: جدول الاشتراكات المستحقة عن شهر | O1: الصندوق الوطني
H2: المتوجب تسديدها خلال مهلة خمسة عشر يوما اعتبارا | O2: للضمان الاجتماعي
I3: من نهاية شهر الاستحقاق أو من تاريخ الاستلام | O3: بيروت - لبنان
A4: حقل مخصص للصندوق | N4: حقل مخصص لاصحاب العمل
A5: ملاحظات | G5: المدة | H5: طريقة دفع الاشتراكات
N6: =ضمان!A1 -> XYZ | P6: اسم المؤسسة
G7: فترة سنة | N7: =ضمان!F1 -> 43-61-0000 | P7: رقم المؤسسة
D8: زيارات التاخير | K8: الاشتركات | N8: الاشترؤكات المستحقة | O8: المعدل | P8: الاجور ولواحقها | Q8: عدد الاجراء | R8: فرع
A9: النوع | B9: الفئة | C9: المرجع | D9: الرمز | E9: ط ل | F9: المدفوع | H9: المتوجب | K9: الرمز | M9: المدفوع
A10: 3凵0凵1凵0凵 | D10: 凵凵凵 | H10: الاشتراكاتX 凵凵凵凵凵 عدد الايام X 1/1000 | K10: 凵0凵1凵 凵1凵1凵 | N10: =P10*O10 -> 36960000 | O10: 0.11 | P10: =ضمان!D15 -> 336000000 | Q10: 4 | R10: المرض و الامومة | T10: ز
A11: 凵1凵0凵1凵0凵 | D11: 凵凵凵 | H11: الاشتراكاتX 凵凵凵凵凵 عدد الايام X 1/1000 | K11: 凵0凵1凵 凵1凵1凵 | N11: =P11*O11 -> 28560000 | O11: 0.085 | P11: =ضمان!C15 -> 336000000 | Q11: 4 | R11: تعويض نهاية الخدمة
A12: 凵2凵0凵1凵0凵 | D12: 凵凵凵 凵凵凵 凵凵凵 | H12: الاشتراكاتX 凵凵凵凵凵 عدد الايام X 1/1000 | K12: 凵0凵1凵 凵1凵1凵 | N12: =P12*O12 -> 17760000 | O12: 0.06 | P12: =ضمان!E15 -> 296000000 | Q12: 4 | R12: التعويضات العائلية
N13: =SUM(N10:N12) -> 83280000 | O13: مجموع الاشتراكات المستحقة
N14: =ضمان!#REF! -> #REF! | O14: التعويضات العائلية المدفوعة
N15: =N13-N14 -> #REF! | O15: الزيادة المتوجبة على الصندوق / الباقي المتوجب للصندوق
G16: مجموع المبالغ المدفوعة | K16: ختم المؤسسة | N16: ان رب العمل الموقع أدناه يشهد على مسؤوليته أن الأجور وكافة المعلومات
G17: المصفي | N17: المصرح بها أعلاه هي مطابقة للحقيقة والواقع
G18: المراقب | N18: =DATE(2026,9,13) -> 46278 | P18: صور في
G19: المحاسب | N19: توقيع رب العمل
A21: ملاحظة هامة : يتوجب اعادة هذا الجدول مع جدول التعويضات العائلية المرفق تحت طائلة عدم الاخذ بقيمة التعويضات العائلية المدفوعة من قبلكم .
A22: CNSS 190A

Sheet 23
H1: 23-2026 | K1: جدول الاشتراكات المستحقة عن شهر | O1: الصندوق الوطني
H2: المتوجب تسديدها خلال مهلة خمسة عشر يوما اعتبارا | O2: للضمان الاجتماعي
I3: من نهاية شهر الاستحقاق أو من تاريخ الاستلام | O3: بيروت - لبنان
A4: حقل مخصص للصندوق | N4: حقل مخصص لاصحاب العمل
A5: ملاحظات | G5: المدة | H5: طريقة دفع الاشتراكات
N6: =ضمان!A1 -> XYZ | P6: اسم المؤسسة
G7: فترة سنة | N7: =ضمان!F1 -> 43-61-0000 | P7: رقم المؤسسة
D8: زيارات التاخير | K8: الاشتركات | N8: الاشترؤكات المستحقة | O8: المعدل | P8: الاجور ولواحقها | Q8: عدد الاجراء | R8: فرع
A9: النوع | B9: الفئة | C9: المرجع | D9: الرمز | E9: ط ل | F9: المدفوع | H9: المتوجب | K9: الرمز | M9: المدفوع
A10: 3凵0凵1凵0凵 | D10: 凵凵凵 | H10: الاشتراكاتX 凵凵凵凵凵 عدد الايام X 1/1000 | K10: 凵0凵1凵 凵1凵1凵 | N10: =P10*O10 -> 32560000 | O10: 0.11 | P10: =ضمان!D22 -> 296000000 | Q10: 4 | R10: المرض و الامومة | T10: ز
A11: 凵1凵0凵1凵0凵 | D11: 凵凵凵 | H11: الاشتراكاتX 凵凵凵凵凵 عدد الايام X 1/1000 | K11: 凵0凵1凵 凵1凵1凵 | N11: =P11*O11 -> 25160000 | O11: 0.085 | P11: =ضمان!C22 -> 296000000 | Q11: 4 | R11: تعويض نهاية الخدمة
A12: 凵2凵0凵1凵0凵 | D12: 凵凵凵 凵凵凵 凵凵凵 | H12: الاشتراكاتX 凵凵凵凵凵 عدد الايام X 1/1000 | K12: 凵0凵1凵 凵1凵1凵 | N12: =P12*O12 -> 20160000 | O12: 0.06 | P12: =ضمان!E22 -> 336000000 | Q12: 4 | R12: التعويضات العائلية
N13: =SUM(N10:N12) -> 77880000 | O13: مجموع الاشتراكات المستحقة
N14: =ضمان!#REF! -> #REF! | O14: التعويضات العائلية المدفوعة
N15: =N13-N14 -> #REF! | O15: الزيادة المتوجبة على الصندوق / الباقي المتوجب للصندوق
G16: مجموع المبالغ المدفوعة | K16: ختم المؤسسة | N16: ان رب العمل الموقع أدناه يشهد على مسؤوليته أن الأجور وكافة المعلومات
G17: المصفي | N17: المصرح بها أعلاه هي مطابقة للحقيقة والواقع
G18: المراقب | N18: =DATE(2026,9,13) -> 46278 | P18: صور في
G19: المحاسب | N19: توقيع رب العمل
A21: ملاحظة هامة : يتوجب اعادة هذا الجدول مع جدول التعويضات العائلية المرفق تحت طائلة عدم الاخذ بقيمة التعويضات العائلية المدفوعة من قبلكم .
A22: CNSS 190A

Sheet 24
H1: 24-2026 | K1: جدول الاشتراكات المستحقة عن شهر | O1: الصندوق الوطني
H2: المتوجب تسديدها خلال مهلة خمسة عشر يوما اعتبارا | O2: للضمان الاجتماعي
I3: من نهاية شهر الاستحقاق أو من تاريخ الاستلام | O3: بيروت - لبنان
A4: حقل مخصص للصندوق | N4: حقل مخصص لاصحاب العمل
A5: ملاحظات | G5: المدة | H5: طريقة دفع الاشتراكات
N6: =ضمان!A1 -> XYZ | P6: اسم المؤسسة
G7: فترة سنة | N7: =ضمان!F1 -> 43-61-0000 | P7: رقم المؤسسة
D8: زيارات التاخير | K8: الاشتركات | N8: الاشترؤكات المستحقة | O8: المعدل | P8: الاجور ولواحقها | Q8: عدد الاجراء | R8: فرع
A9: النوع | B9: الفئة | C9: المرجع | D9: الرمز | E9: ط ل | F9: المدفوع | H9: المتوجب | K9: الرمز | M9: المدفوع
A10: 3凵0凵1凵0凵 | D10: 凵凵凵 | H10: الاشتراكاتX 凵凵凵凵凵 عدد الايام X 1/1000 | K10: 凵0凵1凵 凵1凵1凵 | N10: =P10*O10 -> 12320000 | O10: 0.11 | P10: =ضمان!D8 -> 112000000 | Q10: 4 | R10: المرض و الامومة | T10: ز
A11: 凵1凵0凵1凵0凵 | D11: 凵凵凵 | H11: الاشتراكاتX 凵凵凵凵凵 عدد الايام X 1/1000 | K11: 凵0凵1凵 凵1凵1凵 | N11: =P11*O11 -> 9520000 | O11: 0.085 | P11: =ضمان!C8 -> 112000000 | Q11: 4 | R11: تعويض نهاية الخدمة
A12: 凵2凵0凵1凵0凵 | D12: 凵凵凵 凵凵凵 凵凵凵 | H12: الاشتراكاتX 凵凵凵凵凵 عدد الايام X 1/1000 | K12: 凵0凵1凵 凵1凵1凵 | N12: =P12*O12 -> 4320000 | O12: 0.06 | P12: =ضمان!E8 -> 72000000 | Q12: 4 | R12: التعويضات العائلية
N13: =SUM(N10:N12) -> 26160000 | O13: مجموع الاشتراكات المستحقة
N14: =ضمان!F29 -> 26640000 | O14: التعويضات العائلية المدفوعة
N15: =N13-N14 -> -480000 | O15: الزيادة المتوجبة على الصندوق / الباقي المتوجب للصندوق
G16: مجموع المبالغ المدفوعة | K16: ختم المؤسسة | N16: ان رب العمل الموقع أدناه يشهد على مسؤوليته أن الأجور وكافة المعلومات
G17: المصفي | N17: المصرح بها أعلاه هي مطابقة للحقيقة والواقع
G18: المراقب | N18: =DATE(2026,9,13) -> 46278 | P18: صور في
G19: المحاسب | N19: توقيع رب العمل
A21: ملاحظة هامة : يتوجب اعادة هذا الجدول مع جدول التعويضات العائلية المرفق تحت طائلة عدم الاخذ بقيمة التعويضات العائلية المدفوعة من قبلكم .
A22: CNSS 190A
